"country","href","full_url"
"Afghanistan","/travel/destinations/traveler/none/afghanistan","https://wwwnc.cdc.gov/travel/destinations/traveler/none/afghanistan"
"Albania","/travel/destinations/traveler/none/albania","https://wwwnc.cdc.gov/travel/destinations/traveler/none/albania"
"Algeria","/travel/destinations/traveler/none/algeria","https://wwwnc.cdc.gov/travel/destinations/traveler/none/algeria"
"American Samoa","/travel/destinations/traveler/none/american-samoa","https://wwwnc.cdc.gov/travel/destinations/traveler/none/american-samoa"
"Andorra","/travel/destinations/traveler/none/andorra","https://wwwnc.cdc.gov/travel/destinations/traveler/none/andorra"
"British Virgin Islands","/travel/destinations/traveler/none/british-virgin-islands","https://wwwnc.cdc.gov/travel/destinations/traveler/none/british-virgin-islands"
"Angola","/travel/destinations/traveler/none/angola","https://wwwnc.cdc.gov/travel/destinations/traveler/none/angola"
"Anguilla","/travel/destinations/traveler/none/anguilla","https://wwwnc.cdc.gov/travel/destinations/traveler/none/anguilla"
"Antarctica","/travel/destinations/traveler/none/antarctica","https://wwwnc.cdc.gov/travel/destinations/traveler/none/antarctica"
"Antigua and Barbuda","/travel/destinations/traveler/none/antigua-and-barbuda","https://wwwnc.cdc.gov/travel/destinations/traveler/none/antigua-and-barbuda"
"Argentina","/travel/destinations/traveler/none/argentina","https://wwwnc.cdc.gov/travel/destinations/traveler/none/argentina"
"Armenia","/travel/destinations/traveler/none/armenia","https://wwwnc.cdc.gov/travel/destinations/traveler/none/armenia"
"Aruba","/travel/destinations/traveler/none/aruba","https://wwwnc.cdc.gov/travel/destinations/traveler/none/aruba"
"French Polynesia","/travel/destinations/traveler/none/french-polynesia","https://wwwnc.cdc.gov/travel/destinations/traveler/none/french-polynesia"
"Australia","/travel/destinations/traveler/none/australia","https://wwwnc.cdc.gov/travel/destinations/traveler/none/australia"
"Austria","/travel/destinations/traveler/none/austria","https://wwwnc.cdc.gov/travel/destinations/traveler/none/austria"
"Azerbaijan","/travel/destinations/traveler/none/azerbaijan","https://wwwnc.cdc.gov/travel/destinations/traveler/none/azerbaijan"
"Azores","/travel/destinations/traveler/none/azores","https://wwwnc.cdc.gov/travel/destinations/traveler/none/azores"
"The Bahamas","/travel/destinations/traveler/none/the-bahamas","https://wwwnc.cdc.gov/travel/destinations/traveler/none/the-bahamas"
"Bahrain","/travel/destinations/traveler/none/bahrain","https://wwwnc.cdc.gov/travel/destinations/traveler/none/bahrain"
"Bangladesh","/travel/destinations/traveler/none/bangladesh","https://wwwnc.cdc.gov/travel/destinations/traveler/none/bangladesh"
"Barbados","/travel/destinations/traveler/none/barbados","https://wwwnc.cdc.gov/travel/destinations/traveler/none/barbados"
"Belarus","/travel/destinations/traveler/none/belarus","https://wwwnc.cdc.gov/travel/destinations/traveler/none/belarus"
"Belgium","/travel/destinations/traveler/none/belgium","https://wwwnc.cdc.gov/travel/destinations/traveler/none/belgium"
"Belize","/travel/destinations/traveler/none/belize","https://wwwnc.cdc.gov/travel/destinations/traveler/none/belize"
"Benin","/travel/destinations/traveler/none/benin","https://wwwnc.cdc.gov/travel/destinations/traveler/none/benin"
"Bermuda","/travel/destinations/traveler/none/bermuda","https://wwwnc.cdc.gov/travel/destinations/traveler/none/bermuda"
"Bhutan","/travel/destinations/traveler/none/bhutan","https://wwwnc.cdc.gov/travel/destinations/traveler/none/bhutan"
"Bolivia","/travel/destinations/traveler/none/bolivia","https://wwwnc.cdc.gov/travel/destinations/traveler/none/bolivia"
"Bonaire","/travel/destinations/traveler/none/bonaire","https://wwwnc.cdc.gov/travel/destinations/traveler/none/bonaire"
"Bosnia and Herzegovina","/travel/destinations/traveler/none/bosnia-and-herzegovina","https://wwwnc.cdc.gov/travel/destinations/traveler/none/bosnia-and-herzegovina"
"Botswana","/travel/destinations/traveler/none/botswana","https://wwwnc.cdc.gov/travel/destinations/traveler/none/botswana"
"Brazil","/travel/destinations/traveler/none/brazil","https://wwwnc.cdc.gov/travel/destinations/traveler/none/brazil"
"British Indian Ocean Territory","/travel/destinations/traveler/none/british-indian-ocean-territory","https://wwwnc.cdc.gov/travel/destinations/traveler/none/british-indian-ocean-territory"
"Brunei","/travel/destinations/traveler/none/brunei","https://wwwnc.cdc.gov/travel/destinations/traveler/none/brunei"
"Bulgaria","/travel/destinations/traveler/none/bulgaria","https://wwwnc.cdc.gov/travel/destinations/traveler/none/bulgaria"
"Burkina Faso","/travel/destinations/traveler/none/burkina-faso","https://wwwnc.cdc.gov/travel/destinations/traveler/none/burkina-faso"
"Burma","/travel/destinations/traveler/none/burma","https://wwwnc.cdc.gov/travel/destinations/traveler/none/burma"
"Burundi","/travel/destinations/traveler/none/burundi","https://wwwnc.cdc.gov/travel/destinations/traveler/none/burundi"
"Turks and Caicos","/travel/destinations/traveler/none/turks-and-caicos","https://wwwnc.cdc.gov/travel/destinations/traveler/none/turks-and-caicos"
"Cambodia","/travel/destinations/traveler/none/cambodia","https://wwwnc.cdc.gov/travel/destinations/traveler/none/cambodia"
"Cameroon","/travel/destinations/traveler/none/cameroon","https://wwwnc.cdc.gov/travel/destinations/traveler/none/cameroon"
"Canada","/travel/destinations/traveler/none/canada","https://wwwnc.cdc.gov/travel/destinations/traveler/none/canada"
"Canary Islands","/travel/destinations/traveler/none/canary-islands","https://wwwnc.cdc.gov/travel/destinations/traveler/none/canary-islands"
"Cape Verde","/travel/destinations/traveler/none/cape-verde","https://wwwnc.cdc.gov/travel/destinations/traveler/none/cape-verde"
"Cayman Islands","/travel/destinations/traveler/none/cayman-islands","https://wwwnc.cdc.gov/travel/destinations/traveler/none/cayman-islands"
"Central African Republic","/travel/destinations/traveler/none/central-african-republic","https://wwwnc.cdc.gov/travel/destinations/traveler/none/central-african-republic"
"Chad","/travel/destinations/traveler/none/chad","https://wwwnc.cdc.gov/travel/destinations/traveler/none/chad"
"Chile","/travel/destinations/traveler/none/chile","https://wwwnc.cdc.gov/travel/destinations/traveler/none/chile"
"China","/travel/destinations/traveler/none/china","https://wwwnc.cdc.gov/travel/destinations/traveler/none/china"
"Christmas Island","/travel/destinations/traveler/none/christmas-island","https://wwwnc.cdc.gov/travel/destinations/traveler/none/christmas-island"
"Cocos Islands","/travel/destinations/traveler/none/cocos-islands","https://wwwnc.cdc.gov/travel/destinations/traveler/none/cocos-islands"
"Colombia","/travel/destinations/traveler/none/colombia","https://wwwnc.cdc.gov/travel/destinations/traveler/none/colombia"
"Comoros","/travel/destinations/traveler/none/comoros","https://wwwnc.cdc.gov/travel/destinations/traveler/none/comoros"
"Congo","/travel/destinations/traveler/none/congo","https://wwwnc.cdc.gov/travel/destinations/traveler/none/congo"
"Cook Islands","/travel/destinations/traveler/none/cook-islands","https://wwwnc.cdc.gov/travel/destinations/traveler/none/cook-islands"
"Costa Rica","/travel/destinations/traveler/none/costa-rica","https://wwwnc.cdc.gov/travel/destinations/traveler/none/costa-rica"
"Ivory Coast","/travel/destinations/traveler/none/ivory-coast","https://wwwnc.cdc.gov/travel/destinations/traveler/none/ivory-coast"
"Croatia","/travel/destinations/traveler/none/croatia","https://wwwnc.cdc.gov/travel/destinations/traveler/none/croatia"
"Cuba","/travel/destinations/traveler/none/cuba","https://wwwnc.cdc.gov/travel/destinations/traveler/none/cuba"
"Curacao","/travel/destinations/traveler/none/curacao","https://wwwnc.cdc.gov/travel/destinations/traveler/none/curacao"
"Cyprus","/travel/destinations/traveler/none/cyprus","https://wwwnc.cdc.gov/travel/destinations/traveler/none/cyprus"
"Czechia","/travel/destinations/traveler/none/czechia","https://wwwnc.cdc.gov/travel/destinations/traveler/none/czechia"
"Democratic Republic of Congo","/travel/destinations/traveler/none/democratic-republic-of-congo","https://wwwnc.cdc.gov/travel/destinations/traveler/none/democratic-republic-of-congo"
"Denmark","/travel/destinations/traveler/none/denmark","https://wwwnc.cdc.gov/travel/destinations/traveler/none/denmark"
"Djibouti","/travel/destinations/traveler/none/djibouti","https://wwwnc.cdc.gov/travel/destinations/traveler/none/djibouti"
"Dominica","/travel/destinations/traveler/none/dominica","https://wwwnc.cdc.gov/travel/destinations/traveler/none/dominica"
"Dominican Republic","/travel/destinations/traveler/none/dominican-republic","https://wwwnc.cdc.gov/travel/destinations/traveler/none/dominican-republic"
"United Arab Emirates","/travel/destinations/traveler/none/united-arab-emirates","https://wwwnc.cdc.gov/travel/destinations/traveler/none/united-arab-emirates"
"Easter Island","/travel/destinations/traveler/none/easter-island","https://wwwnc.cdc.gov/travel/destinations/traveler/none/easter-island"
"Ecuador","/travel/destinations/traveler/none/ecuador","https://wwwnc.cdc.gov/travel/destinations/traveler/none/ecuador"
"Egypt","/travel/destinations/traveler/none/egypt","https://wwwnc.cdc.gov/travel/destinations/traveler/none/egypt"
"El Salvador","/travel/destinations/traveler/none/el-salvador","https://wwwnc.cdc.gov/travel/destinations/traveler/none/el-salvador"
"United Kingdom","/travel/destinations/traveler/none/united-kingdom","https://wwwnc.cdc.gov/travel/destinations/traveler/none/united-kingdom"
"Equatorial Guinea","/travel/destinations/traveler/none/equatorial-guinea","https://wwwnc.cdc.gov/travel/destinations/traveler/none/equatorial-guinea"
"Eritrea","/travel/destinations/traveler/none/eritrea","https://wwwnc.cdc.gov/travel/destinations/traveler/none/eritrea"
"Estonia","/travel/destinations/traveler/none/estonia","https://wwwnc.cdc.gov/travel/destinations/traveler/none/estonia"
"Eswatini","/travel/destinations/traveler/none/eswatini","https://wwwnc.cdc.gov/travel/destinations/traveler/none/eswatini"
"Ethiopia","/travel/destinations/traveler/none/ethiopia","https://wwwnc.cdc.gov/travel/destinations/traveler/none/ethiopia"
"Falkland Islands","/travel/destinations/traveler/none/falkland-islands","https://wwwnc.cdc.gov/travel/destinations/traveler/none/falkland-islands"
"Faroe Island","/travel/destinations/traveler/none/faroe-island","https://wwwnc.cdc.gov/travel/destinations/traveler/none/faroe-island"
"Fiji","/travel/destinations/traveler/none/fiji","https://wwwnc.cdc.gov/travel/destinations/traveler/none/fiji"
"Finland","/travel/destinations/traveler/none/finland","https://wwwnc.cdc.gov/travel/destinations/traveler/none/finland"
"France","/travel/destinations/traveler/none/france","https://wwwnc.cdc.gov/travel/destinations/traveler/none/france"
"French Guiana","/travel/destinations/traveler/none/french-guiana","https://wwwnc.cdc.gov/travel/destinations/traveler/none/french-guiana"
"Gabon","/travel/destinations/traveler/none/gabon","https://wwwnc.cdc.gov/travel/destinations/traveler/none/gabon"
"The Gambia","/travel/destinations/traveler/none/the-gambia","https://wwwnc.cdc.gov/travel/destinations/traveler/none/the-gambia"
"Georgia","/travel/destinations/traveler/none/georgia","https://wwwnc.cdc.gov/travel/destinations/traveler/none/georgia"
"Germany","/travel/destinations/traveler/none/germany","https://wwwnc.cdc.gov/travel/destinations/traveler/none/germany"
"Ghana","/travel/destinations/traveler/none/ghana","https://wwwnc.cdc.gov/travel/destinations/traveler/none/ghana"
"Gibraltar","/travel/destinations/traveler/none/gibraltar","https://wwwnc.cdc.gov/travel/destinations/traveler/none/gibraltar"
"Greece","/travel/destinations/traveler/none/greece","https://wwwnc.cdc.gov/travel/destinations/traveler/none/greece"
"Greenland","/travel/destinations/traveler/none/greenland","https://wwwnc.cdc.gov/travel/destinations/traveler/none/greenland"
"Grenada","/travel/destinations/traveler/none/grenada","https://wwwnc.cdc.gov/travel/destinations/traveler/none/grenada"
"Saint Vincent and the Grenadines","/travel/destinations/traveler/none/saint-vincent-and-the-grenadines","https://wwwnc.cdc.gov/travel/destinations/traveler/none/saint-vincent-and-the-grenadines"
"Guadeloupe","/travel/destinations/traveler/none/guadeloupe","https://wwwnc.cdc.gov/travel/destinations/traveler/none/guadeloupe"
"Guam","/travel/destinations/traveler/none/guam","https://wwwnc.cdc.gov/travel/destinations/traveler/none/guam"
"Guatemala","/travel/destinations/traveler/none/guatemala","https://wwwnc.cdc.gov/travel/destinations/traveler/none/guatemala"
"Guinea","/travel/destinations/traveler/none/guinea","https://wwwnc.cdc.gov/travel/destinations/traveler/none/guinea"
"Guinea Bissau","/travel/destinations/traveler/none/guinea-bissau","https://wwwnc.cdc.gov/travel/destinations/traveler/none/guinea-bissau"
"Guyana","/travel/destinations/traveler/none/guyana","https://wwwnc.cdc.gov/travel/destinations/traveler/none/guyana"
"Haiti","/travel/destinations/traveler/none/haiti","https://wwwnc.cdc.gov/travel/destinations/traveler/none/haiti"
"Italy","/travel/destinations/traveler/none/italy","https://wwwnc.cdc.gov/travel/destinations/traveler/none/italy"
"Honduras","/travel/destinations/traveler/none/honduras","https://wwwnc.cdc.gov/travel/destinations/traveler/none/honduras"
"Hong Kong Sar","/travel/destinations/traveler/none/hong-kong-sar","https://wwwnc.cdc.gov/travel/destinations/traveler/none/hong-kong-sar"
"Hungary","/travel/destinations/traveler/none/hungary","https://wwwnc.cdc.gov/travel/destinations/traveler/none/hungary"
"Iceland","/travel/destinations/traveler/none/iceland","https://wwwnc.cdc.gov/travel/destinations/traveler/none/iceland"
"India","/travel/destinations/traveler/none/india","https://wwwnc.cdc.gov/travel/destinations/traveler/none/india"
"Indonesia","/travel/destinations/traveler/none/indonesia","https://wwwnc.cdc.gov/travel/destinations/traveler/none/indonesia"
"Iran","/travel/destinations/traveler/none/iran","https://wwwnc.cdc.gov/travel/destinations/traveler/none/iran"
"Iraq","/travel/destinations/traveler/none/iraq","https://wwwnc.cdc.gov/travel/destinations/traveler/none/iraq"
"Ireland","/travel/destinations/traveler/none/ireland","https://wwwnc.cdc.gov/travel/destinations/traveler/none/ireland"
"Israel","/travel/destinations/traveler/none/israel","https://wwwnc.cdc.gov/travel/destinations/traveler/none/israel"
"Jamaica","/travel/destinations/traveler/none/jamaica","https://wwwnc.cdc.gov/travel/destinations/traveler/none/jamaica"
"Japan","/travel/destinations/traveler/none/japan","https://wwwnc.cdc.gov/travel/destinations/traveler/none/japan"
"Jordan","/travel/destinations/traveler/none/jordan","https://wwwnc.cdc.gov/travel/destinations/traveler/none/jordan"
"Kazakhstan","/travel/destinations/traveler/none/kazakhstan","https://wwwnc.cdc.gov/travel/destinations/traveler/none/kazakhstan"
"Kenya","/travel/destinations/traveler/none/kenya","https://wwwnc.cdc.gov/travel/destinations/traveler/none/kenya"
"Kiribati","/travel/destinations/traveler/none/kiribati","https://wwwnc.cdc.gov/travel/destinations/traveler/none/kiribati"
"Kosovo","/travel/destinations/traveler/none/kosovo","https://wwwnc.cdc.gov/travel/destinations/traveler/none/kosovo"
"Kuwait","/travel/destinations/traveler/none/kuwait","https://wwwnc.cdc.gov/travel/destinations/traveler/none/kuwait"
"Kyrgyzstan","/travel/destinations/traveler/none/kyrgyzstan","https://wwwnc.cdc.gov/travel/destinations/traveler/none/kyrgyzstan"
"Laos","/travel/destinations/traveler/none/laos","https://wwwnc.cdc.gov/travel/destinations/traveler/none/laos"
"Latvia","/travel/destinations/traveler/none/latvia","https://wwwnc.cdc.gov/travel/destinations/traveler/none/latvia"
"Lebanon","/travel/destinations/traveler/none/lebanon","https://wwwnc.cdc.gov/travel/destinations/traveler/none/lebanon"
"Lesotho","/travel/destinations/traveler/none/lesotho","https://wwwnc.cdc.gov/travel/destinations/traveler/none/lesotho"
"Liberia","/travel/destinations/traveler/none/liberia","https://wwwnc.cdc.gov/travel/destinations/traveler/none/liberia"
"Libya","/travel/destinations/traveler/none/libya","https://wwwnc.cdc.gov/travel/destinations/traveler/none/libya"
"Liechtenstein","/travel/destinations/traveler/none/liechtenstein","https://wwwnc.cdc.gov/travel/destinations/traveler/none/liechtenstein"
"Lithuania","/travel/destinations/traveler/none/lithuania","https://wwwnc.cdc.gov/travel/destinations/traveler/none/lithuania"
"Luxembourg","/travel/destinations/traveler/none/luxembourg","https://wwwnc.cdc.gov/travel/destinations/traveler/none/luxembourg"
"Macau Sar","/travel/destinations/traveler/none/macau-sar","https://wwwnc.cdc.gov/travel/destinations/traveler/none/macau-sar"
"Madagascar","/travel/destinations/traveler/none/madagascar","https://wwwnc.cdc.gov/travel/destinations/traveler/none/madagascar"
"Madeira Islands","/travel/destinations/traveler/none/madeira-islands","https://wwwnc.cdc.gov/travel/destinations/traveler/none/madeira-islands"
"Malawi","/travel/destinations/traveler/none/malawi","https://wwwnc.cdc.gov/travel/destinations/traveler/none/malawi"
"Malaysia","/travel/destinations/traveler/none/malaysia","https://wwwnc.cdc.gov/travel/destinations/traveler/none/malaysia"
"Maldives","/travel/destinations/traveler/none/maldives","https://wwwnc.cdc.gov/travel/destinations/traveler/none/maldives"
"Mali","/travel/destinations/traveler/none/mali","https://wwwnc.cdc.gov/travel/destinations/traveler/none/mali"
"Malta","/travel/destinations/traveler/none/malta","https://wwwnc.cdc.gov/travel/destinations/traveler/none/malta"
"Marshall Islands","/travel/destinations/traveler/none/marshall-islands","https://wwwnc.cdc.gov/travel/destinations/traveler/none/marshall-islands"
"Martinique","/travel/destinations/traveler/none/martinique","https://wwwnc.cdc.gov/travel/destinations/traveler/none/martinique"
"Mauritania","/travel/destinations/traveler/none/mauritania","https://wwwnc.cdc.gov/travel/destinations/traveler/none/mauritania"
"Mauritius","/travel/destinations/traveler/none/mauritius","https://wwwnc.cdc.gov/travel/destinations/traveler/none/mauritius"
"Mayotte","/travel/destinations/traveler/none/mayotte","https://wwwnc.cdc.gov/travel/destinations/traveler/none/mayotte"
"Mexico","/travel/destinations/traveler/none/mexico","https://wwwnc.cdc.gov/travel/destinations/traveler/none/mexico"
"Micronesia","/travel/destinations/traveler/none/micronesia","https://wwwnc.cdc.gov/travel/destinations/traveler/none/micronesia"
"Moldova","/travel/destinations/traveler/none/moldova","https://wwwnc.cdc.gov/travel/destinations/traveler/none/moldova"
"Monaco","/travel/destinations/traveler/none/monaco","https://wwwnc.cdc.gov/travel/destinations/traveler/none/monaco"
"Mongolia","/travel/destinations/traveler/none/mongolia","https://wwwnc.cdc.gov/travel/destinations/traveler/none/mongolia"
"Montenegro","/travel/destinations/traveler/none/montenegro","https://wwwnc.cdc.gov/travel/destinations/traveler/none/montenegro"
"Montserrat","/travel/destinations/traveler/none/montserrat","https://wwwnc.cdc.gov/travel/destinations/traveler/none/montserrat"
"Morocco","/travel/destinations/traveler/none/morocco","https://wwwnc.cdc.gov/travel/destinations/traveler/none/morocco"
"Mozambique","/travel/destinations/traveler/none/mozambique","https://wwwnc.cdc.gov/travel/destinations/traveler/none/mozambique"
"Namibia","/travel/destinations/traveler/none/namibia","https://wwwnc.cdc.gov/travel/destinations/traveler/none/namibia"
"Nauru","/travel/destinations/traveler/none/nauru","https://wwwnc.cdc.gov/travel/destinations/traveler/none/nauru"
"Nepal","/travel/destinations/traveler/none/nepal","https://wwwnc.cdc.gov/travel/destinations/traveler/none/nepal"
"Netherlands","/travel/destinations/traveler/none/netherlands","https://wwwnc.cdc.gov/travel/destinations/traveler/none/netherlands"
"New Caledonia","/travel/destinations/traveler/none/new-caledonia","https://wwwnc.cdc.gov/travel/destinations/traveler/none/new-caledonia"
"New Zealand","/travel/destinations/traveler/none/new-zealand","https://wwwnc.cdc.gov/travel/destinations/traveler/none/new-zealand"
"Nicaragua","/travel/destinations/traveler/none/nicaragua","https://wwwnc.cdc.gov/travel/destinations/traveler/none/nicaragua"
"Niger","/travel/destinations/traveler/none/niger","https://wwwnc.cdc.gov/travel/destinations/traveler/none/niger"
"Nigeria","/travel/destinations/traveler/none/nigeria","https://wwwnc.cdc.gov/travel/destinations/traveler/none/nigeria"
"Niue","/travel/destinations/traveler/none/niue","https://wwwnc.cdc.gov/travel/destinations/traveler/none/niue"
"Norfolk Island","/travel/destinations/traveler/none/norfolk-island","https://wwwnc.cdc.gov/travel/destinations/traveler/none/norfolk-island"
"North Korea","/travel/destinations/traveler/none/north-korea","https://wwwnc.cdc.gov/travel/destinations/traveler/none/north-korea"
"North Macedonia","/travel/destinations/traveler/none/north-macedonia","https://wwwnc.cdc.gov/travel/destinations/traveler/none/north-macedonia"
"Northern Mariana Islands","/travel/destinations/traveler/none/northern-mariana-islands","https://wwwnc.cdc.gov/travel/destinations/traveler/none/northern-mariana-islands"
"Norway","/travel/destinations/traveler/none/norway","https://wwwnc.cdc.gov/travel/destinations/traveler/none/norway"
"Oman","/travel/destinations/traveler/none/oman","https://wwwnc.cdc.gov/travel/destinations/traveler/none/oman"
"Pakistan","/travel/destinations/traveler/none/pakistan","https://wwwnc.cdc.gov/travel/destinations/traveler/none/pakistan"
"Palau","/travel/destinations/traveler/none/palau","https://wwwnc.cdc.gov/travel/destinations/traveler/none/palau"
"Panama","/travel/destinations/traveler/none/panama","https://wwwnc.cdc.gov/travel/destinations/traveler/none/panama"
"Papua New Guinea","/travel/destinations/traveler/none/papua-new-guinea","https://wwwnc.cdc.gov/travel/destinations/traveler/none/papua-new-guinea"
"Paraguay","/travel/destinations/traveler/none/paraguay","https://wwwnc.cdc.gov/travel/destinations/traveler/none/paraguay"
"Peru","/travel/destinations/traveler/none/peru","https://wwwnc.cdc.gov/travel/destinations/traveler/none/peru"
"Philippines","/travel/destinations/traveler/none/philippines","https://wwwnc.cdc.gov/travel/destinations/traveler/none/philippines"
"Pitcairn Islands","/travel/destinations/traveler/none/pitcairn-islands","https://wwwnc.cdc.gov/travel/destinations/traveler/none/pitcairn-islands"
"Poland","/travel/destinations/traveler/none/poland","https://wwwnc.cdc.gov/travel/destinations/traveler/none/poland"
"Portugal","/travel/destinations/traveler/none/portugal","https://wwwnc.cdc.gov/travel/destinations/traveler/none/portugal"
"Puerto Rico","/travel/destinations/traveler/none/puerto-rico","https://wwwnc.cdc.gov/travel/destinations/traveler/none/puerto-rico"
"Qatar","/travel/destinations/traveler/none/qatar","https://wwwnc.cdc.gov/travel/destinations/traveler/none/qatar"
"Reunion","/travel/destinations/traveler/none/reunion","https://wwwnc.cdc.gov/travel/destinations/traveler/none/reunion"
"Romania","/travel/destinations/traveler/none/romania","https://wwwnc.cdc.gov/travel/destinations/traveler/none/romania"
"Russia","/travel/destinations/traveler/none/russia","https://wwwnc.cdc.gov/travel/destinations/traveler/none/russia"
"Rwanda","/travel/destinations/traveler/none/rwanda","https://wwwnc.cdc.gov/travel/destinations/traveler/none/rwanda"
"Saba","/travel/destinations/traveler/none/saba","https://wwwnc.cdc.gov/travel/destinations/traveler/none/saba"
"Saint Barthelemy","/travel/destinations/traveler/none/saint-barthelemy","https://wwwnc.cdc.gov/travel/destinations/traveler/none/saint-barthelemy"
"Usvirgin Islands","/travel/destinations/traveler/none/usvirgin-islands","https://wwwnc.cdc.gov/travel/destinations/traveler/none/usvirgin-islands"
"Saint Helena","/travel/destinations/traveler/none/saint-helena","https://wwwnc.cdc.gov/travel/destinations/traveler/none/saint-helena"
"St Kitts and Nevis","/travel/destinations/traveler/none/st-kitts-and-nevis","https://wwwnc.cdc.gov/travel/destinations/traveler/none/st-kitts-and-nevis"
"Saint Lucia","/travel/destinations/traveler/none/saint-lucia","https://wwwnc.cdc.gov/travel/destinations/traveler/none/saint-lucia"
"Saint Martin","/travel/destinations/traveler/none/saint-martin","https://wwwnc.cdc.gov/travel/destinations/traveler/none/saint-martin"
"Saint Pierre and Miquelon","/travel/destinations/traveler/none/saint-pierre-and-miquelon","https://wwwnc.cdc.gov/travel/destinations/traveler/none/saint-pierre-and-miquelon"
"Samoa","/travel/destinations/traveler/none/samoa","https://wwwnc.cdc.gov/travel/destinations/traveler/none/samoa"
"San Marino","/travel/destinations/traveler/none/san-marino","https://wwwnc.cdc.gov/travel/destinations/traveler/none/san-marino"
"Sao Tome and Principe","/travel/destinations/traveler/none/sao-tome-and-principe","https://wwwnc.cdc.gov/travel/destinations/traveler/none/sao-tome-and-principe"
"Saudi Arabia","/travel/destinations/traveler/none/saudi-arabia","https://wwwnc.cdc.gov/travel/destinations/traveler/none/saudi-arabia"
"Senegal","/travel/destinations/traveler/none/senegal","https://wwwnc.cdc.gov/travel/destinations/traveler/none/senegal"
"Serbia","/travel/destinations/traveler/none/serbia","https://wwwnc.cdc.gov/travel/destinations/traveler/none/serbia"
"Seychelles","/travel/destinations/traveler/none/seychelles","https://wwwnc.cdc.gov/travel/destinations/traveler/none/seychelles"
"Sierra Leone","/travel/destinations/traveler/none/sierra-leone","https://wwwnc.cdc.gov/travel/destinations/traveler/none/sierra-leone"
"Singapore","/travel/destinations/traveler/none/singapore","https://wwwnc.cdc.gov/travel/destinations/traveler/none/singapore"
"Sint Eustatius","/travel/destinations/traveler/none/sint-eustatius","https://wwwnc.cdc.gov/travel/destinations/traveler/none/sint-eustatius"
"Sint Maarten","/travel/destinations/traveler/none/sint-maarten","https://wwwnc.cdc.gov/travel/destinations/traveler/none/sint-maarten"
"Slovakia","/travel/destinations/traveler/none/slovakia","https://wwwnc.cdc.gov/travel/destinations/traveler/none/slovakia"
"Slovenia","/travel/destinations/traveler/none/slovenia","https://wwwnc.cdc.gov/travel/destinations/traveler/none/slovenia"
"Solomon Islands","/travel/destinations/traveler/none/solomon-islands","https://wwwnc.cdc.gov/travel/destinations/traveler/none/solomon-islands"
"Somalia","/travel/destinations/traveler/none/somalia","https://wwwnc.cdc.gov/travel/destinations/traveler/none/somalia"
"South Africa","/travel/destinations/traveler/none/south-africa","https://wwwnc.cdc.gov/travel/destinations/traveler/none/south-africa"
"South Georgia South Sandwich Islands","/travel/destinations/traveler/none/south-georgia-south-sandwich-islands","https://wwwnc.cdc.gov/travel/destinations/traveler/none/south-georgia-south-sandwich-islands"
"South Korea","/travel/destinations/traveler/none/south-korea","https://wwwnc.cdc.gov/travel/destinations/traveler/none/south-korea"
"South Sudan","/travel/destinations/traveler/none/south-sudan","https://wwwnc.cdc.gov/travel/destinations/traveler/none/south-sudan"
"Spain","/travel/destinations/traveler/none/spain","https://wwwnc.cdc.gov/travel/destinations/traveler/none/spain"
"Sri Lanka","/travel/destinations/traveler/none/sri-lanka","https://wwwnc.cdc.gov/travel/destinations/traveler/none/sri-lanka"
"Sudan","/travel/destinations/traveler/none/sudan","https://wwwnc.cdc.gov/travel/destinations/traveler/none/sudan"
"Suriname","/travel/destinations/traveler/none/suriname","https://wwwnc.cdc.gov/travel/destinations/traveler/none/suriname"
"Sweden","/travel/destinations/traveler/none/sweden","https://wwwnc.cdc.gov/travel/destinations/traveler/none/sweden"
"Switzerland","/travel/destinations/traveler/none/switzerland","https://wwwnc.cdc.gov/travel/destinations/traveler/none/switzerland"
"Syria","/travel/destinations/traveler/none/syria","https://wwwnc.cdc.gov/travel/destinations/traveler/none/syria"
"Taiwan","/travel/destinations/traveler/none/taiwan","https://wwwnc.cdc.gov/travel/destinations/traveler/none/taiwan"
"Tajikistan","/travel/destinations/traveler/none/tajikistan","https://wwwnc.cdc.gov/travel/destinations/traveler/none/tajikistan"
"Tanzania","/travel/destinations/traveler/none/tanzania","https://wwwnc.cdc.gov/travel/destinations/traveler/none/tanzania"
"Thailand","/travel/destinations/traveler/none/thailand","https://wwwnc.cdc.gov/travel/destinations/traveler/none/thailand"
"East Timor","/travel/destinations/traveler/none/east-timor","https://wwwnc.cdc.gov/travel/destinations/traveler/none/east-timor"
"Trinidad and Tobago","/travel/destinations/traveler/none/trinidad-and-tobago","https://wwwnc.cdc.gov/travel/destinations/traveler/none/trinidad-and-tobago"
"Togo","/travel/destinations/traveler/none/togo","https://wwwnc.cdc.gov/travel/destinations/traveler/none/togo"
"Tokelau","/travel/destinations/traveler/none/tokelau","https://wwwnc.cdc.gov/travel/destinations/traveler/none/tokelau"
"Tonga","/travel/destinations/traveler/none/tonga","https://wwwnc.cdc.gov/travel/destinations/traveler/none/tonga"
"Tunisia","/travel/destinations/traveler/none/tunisia","https://wwwnc.cdc.gov/travel/destinations/traveler/none/tunisia"
"Turkey","/travel/destinations/traveler/none/turkey","https://wwwnc.cdc.gov/travel/destinations/traveler/none/turkey"
"Turkmenistan","/travel/destinations/traveler/none/turkmenistan","https://wwwnc.cdc.gov/travel/destinations/traveler/none/turkmenistan"
"Tuvalu","/travel/destinations/traveler/none/tuvalu","https://wwwnc.cdc.gov/travel/destinations/traveler/none/tuvalu"
"Uganda","/travel/destinations/traveler/none/uganda","https://wwwnc.cdc.gov/travel/destinations/traveler/none/uganda"
"Ukraine","/travel/destinations/traveler/none/ukraine","https://wwwnc.cdc.gov/travel/destinations/traveler/none/ukraine"
"United States","/travel/destinations/traveler/none/united-states","https://wwwnc.cdc.gov/travel/destinations/traveler/none/united-states"
"Uruguay","/travel/destinations/traveler/none/uruguay","https://wwwnc.cdc.gov/travel/destinations/traveler/none/uruguay"
"Uzbekistan","/travel/destinations/traveler/none/uzbekistan","https://wwwnc.cdc.gov/travel/destinations/traveler/none/uzbekistan"
"Vanuatu","/travel/destinations/traveler/none/vanuatu","https://wwwnc.cdc.gov/travel/destinations/traveler/none/vanuatu"
"Venezuela","/travel/destinations/traveler/none/venezuela","https://wwwnc.cdc.gov/travel/destinations/traveler/none/venezuela"
"Vietnam","/travel/destinations/traveler/none/vietnam","https://wwwnc.cdc.gov/travel/destinations/traveler/none/vietnam"
"Wake Island","/travel/destinations/traveler/none/wake-island","https://wwwnc.cdc.gov/travel/destinations/traveler/none/wake-island"
"Yemen","/travel/destinations/traveler/none/yemen","https://wwwnc.cdc.gov/travel/destinations/traveler/none/yemen"
"Zambia","/travel/destinations/traveler/none/zambia","https://wwwnc.cdc.gov/travel/destinations/traveler/none/zambia"
"Zimbabwe","/travel/destinations/traveler/none/zimbabwe","https://wwwnc.cdc.gov/travel/destinations/traveler/none/zimbabwe"
